{
    "min_gold": 20.246939541141906,
    "hp_panic_threshold": 24.48349342726814,
    "target_basl": 1.0605329187138501,
    "buy_threshold": 1.3123706476595516,
    "traits": {
        "Divine Duelist": 0.30996172721555004,
        "Space Groove": 0.04850037547872778,
        "Party Animal": 0.8176215379534,
        "Challenger": 0.01762265748190566,
        "Sniper": 0.8953586044033571,
        "Rogue": 0.8789919420842249,
        "Brawler": 0.9941008116813792,
        "Dark Lady": 0.5044021446886695,
        "Replicator": 0.7250107111784061,
        "Eradicator": 0.28092739490539753,
        "Voyager": 0.7093799284569341,
        "N.O.V.A.": 0.42195403435865086,
        "Anima": 0.10495294720327551,
        "Doomer": 0.6923930834599272,
        "Timebreaker": 0.8647920659014185,
        "Marauder": 0.8088039953876272,
        "Dark Star": 0.3104548044469065,
        "Fateweaver": 0.8174381245807105,
        "Bastion": 0.4458874130408089,
        "Bulwark": 0.15352569813212275,
        "Vanguard": 0.0925053697890827
    }
}