{
    "min_gold": 42.28507092013009,
    "hp_panic_threshold": 27.289536770812635,
    "target_basl": 1.2806411775078625,
    "buy_threshold": 1.3456801592077108,
    "traits": {
        "Marauder": 0.3174429581669598,
        "Challenger": 0.23245586645989014,
        "Replicator": 0.35438246764816816,
        "Doomer": 0.8155945976118413,
        "Brawler": 0.556250776556986,
        "Dark Star": 0.20151863433485578,
        "Space Groove": 0.6553061185605522,
        "Bulwark": 0.6905763868380981,
        "Voyager": 0.37719238734301963,
        "Party Animal": 0.2862176390323389,
        "Eradicator": 0.271097380909022,
        "N.O.V.A.": 0.5260340521942102,
        "Fateweaver": 0.6888620516822148,
        "Divine Duelist": 0.5789377273446902,
        "Timebreaker": 0.8672009386907512,
        "Rogue": 0.8067116113604822,
        "Vanguard": 0.2751275665763748,
        "Sniper": 0.6658590914098814,
        "Bastion": 0.007333313257514693,
        "Dark Lady": 0.2872143264502163,
        "Anima": 0.5500009234470475
    }
}