{
    "min_gold": 31.743348695125587,
    "hp_panic_threshold": 38.46651137124057,
    "target_basl": 1.571552251714761,
    "buy_threshold": 0.576738665188274,
    "traits": {
        "Vanguard": 0.16609242093154547,
        "Space Groove": 0.1979381934952242,
        "Bulwark": 0.8876878722012669,
        "Dark Lady": 0.8508589177443806,
        "Bastion": 0.6976099757493719,
        "Brawler": 0.4961744593292178,
        "Doomer": 0.6715456232680985,
        "N.O.V.A.": 0.28887475244863625,
        "Rogue": 0.8730257989842114,
        "Challenger": 0.023807725845428087,
        "Party Animal": 0.8992248927012217,
        "Anima": 0.7315042636149284,
        "Voyager": 0.2313111294143025,
        "Divine Duelist": 0.7144899646960037,
        "Marauder": 0.4484339345581517,
        "Timebreaker": 0.2065668908243013,
        "Eradicator": 0.8454739040780532,
        "Dark Star": 0.8842795910827108,
        "Sniper": 0.7095045720048541,
        "Fateweaver": 0.9164531008918082,
        "Replicator": 0.7089119251678173
    }
}