{
    "episode_rewards": [
        808.6500142887235,
        3285.5000496916473,
        2720.050042781979,
        4470.300065826625,
        6479.500097215176
    ],
    "episode_placements": [
        7,
        7,
        7,
        7,
        7
    ]
}