{
    "episode_rewards": [
        2049.2000327296555,
        3219.700048122555,
        2706.900042604655,
        3986.900060195476
    ],
    "episode_placements": [
        7,
        6,
        7,
        7
    ]
}