{
    "episode_rewards": [
        1417.400021854788,
        2579.000038292259
    ],
    "episode_placements": [
        5,
        7
    ]
}