{
    "episode_rewards": [
        -44.267001343891025,
        -134.34300566418096,
        -98.02000238734763,
        -176.4000069515314
    ],
    "episode_placements": [
        5,
        7,
        7,
        6
    ]
}